{
  "meta": {
    "dataset": "Replogle2022 K562_gwps (CRISPRi) positive control",
    "positive_controls": [
      "GATA1",
      "TAL1",
      "KLF1",
      "MYB",
      "MYC",
      "RUNX1",
      "LMO2",
      "LDB1",
      "NFE2",
      "ZFPM1",
      "BCL11A",
      "ZBTB7A",
      "FLI1",
      "SPI1",
      "CEBPA",
      "E2F1",
      "MYC"
    ],
    "focal": [
      "SOX10",
      "CEBPB",
      "GATA2"
    ],
    "n_candidate_programs": 332
  },
  "panel": {
    "GATA1": {
      "present": true,
      "n_guides": 1,
      "self_z": -0.5373062491416931,
      "n_targets_mapped": 356,
      "n_targets_total": 533,
      "mean_target_z": 0.26811483502388,
      "mwu_p_less": 0.9999999963366475,
      "fisher_OR_down": 0.5597361112269493,
      "fisher_p": 0.9999893805814314,
      "rank_among_programs": 187,
      "n_programs": 332,
      "pct_most_down": 43.674698795180724
    },
    "TAL1": {
      "present": true,
      "n_guides": 2,
      "self_z": -0.33303120732307434,
      "n_targets_mapped": 1316,
      "n_targets_total": 3038,
      "mean_target_z": 0.033283643424510956,
      "mwu_p_less": 0.9999999601553872,
      "fisher_OR_down": 0.7646524248427944,
      "fisher_p": 0.9999186075197052,
      "rank_among_programs": 141,
      "n_programs": 332,
      "pct_most_down": 57.53012048192772
    },
    "KLF1": {
      "present": true,
      "n_guides": 1,
      "self_z": -0.5788494944572449,
      "n_targets_mapped": 339,
      "n_targets_total": 474,
      "mean_target_z": -0.0017272279364988208,
      "mwu_p_less": 0.3533722430595256,
      "fisher_OR_down": 1.0881864170678657,
      "fisher_p": 0.26943730905493185,
      "rank_among_programs": 41,
      "n_programs": 332,
      "pct_most_down": 87.65060240963855
    },
    "MYB": {
      "present": true,
      "n_guides": 1,
      "self_z": -0.8059191107749939,
      "n_targets_mapped": 381,
      "n_targets_total": 654,
      "mean_target_z": 0.03551406040787697,
      "mwu_p_less": 0.18130385303132068,
      "fisher_OR_down": 1.3670101237697352,
      "fisher_p": 0.0040877300182371335,
      "rank_among_programs": 59,
      "n_programs": 332,
      "pct_most_down": 82.2289156626506
    },
    "MYC": {
      "present": true,
      "n_guides": 1,
      "self_z": -0.027209261432290077,
      "n_targets_mapped": 967,
      "n_targets_total": 1363,
      "mean_target_z": 0.0032670588698238134,
      "mwu_p_less": 0.0031354018076901542,
      "fisher_OR_down": 1.2360589453172572,
      "fisher_p": 0.003301169196348683,
      "rank_among_programs": 19,
      "n_programs": 332,
      "pct_most_down": 94.27710843373494
    },
    "RUNX1": {
      "present": true,
      "n_guides": 1,
      "self_z": 0.05888555571436882,
      "n_targets_mapped": 1127,
      "n_targets_total": 2547,
      "mean_target_z": 0.0023403032682836056,
      "mwu_p_less": 0.7738498584695569,
      "fisher_OR_down": 0.9687963439363215,
      "fisher_p": 0.6769429525842205,
      "rank_among_programs": 191,
      "n_programs": 332,
      "pct_most_down": 42.46987951807229
    },
    "LMO2": {
      "present": true,
      "n_guides": 1,
      "reason": "no DoRothEA regulon (>=5 mapped targets)"
    },
    "LDB1": {
      "present": true,
      "n_guides": 2,
      "reason": "no DoRothEA regulon (>=5 mapped targets)"
    },
    "NFE2": {
      "present": true,
      "n_guides": 1,
      "self_z": -0.4114868640899658,
      "n_targets_mapped": 309,
      "n_targets_total": 477,
      "mean_target_z": 0.010017536580562592,
      "mwu_p_less": 0.786624535648299,
      "fisher_OR_down": 1.1250960566228514,
      "fisher_p": 0.20044248303420617,
      "rank_among_programs": 242,
      "n_programs": 332,
      "pct_most_down": 27.10843373493976
    },
    "ZFPM1": {
      "present": true,
      "n_guides": 1,
      "reason": "no DoRothEA regulon (>=5 mapped targets)"
    },
    "BCL11A": {
      "present": true,
      "n_guides": 1,
      "self_z": null,
      "n_targets_mapped": 256,
      "n_targets_total": 466,
      "mean_target_z": -0.016802266240119934,
      "mwu_p_less": 0.007536123121953296,
      "fisher_OR_down": 1.252269586566828,
      "fisher_p": 0.06357180115762433,
      "rank_among_programs": 29,
      "n_programs": 332,
      "pct_most_down": 91.26506024096386
    },
    "ZBTB7A": {
      "present": true,
      "n_guides": 2,
      "self_z": -0.2503410577774048,
      "n_targets_mapped": 248,
      "n_targets_total": 485,
      "mean_target_z": 0.00988953560590744,
      "mwu_p_less": 0.9630910729884806,
      "fisher_OR_down": 0.8509465575150187,
      "fisher_p": 0.8686582561330263,
      "rank_among_programs": 245,
      "n_programs": 332,
      "pct_most_down": 26.20481927710843
    },
    "FLI1": {
      "present": true,
      "n_guides": 1,
      "self_z": null,
      "n_targets_mapped": 262,
      "n_targets_total": 533,
      "mean_target_z": 0.008741789497435093,
      "mwu_p_less": 0.535733310848201,
      "fisher_OR_down": 1.0533042426247816,
      "fisher_p": 0.3819849089393183,
      "rank_among_programs": 234,
      "n_programs": 332,
      "pct_most_down": 29.518072289156628
    },
    "SPI1": {
      "present": true,
      "n_guides": 1,
      "self_z": -0.438903272151947,
      "n_targets_mapped": 1873,
      "n_targets_total": 3139,
      "mean_target_z": 0.006313615012913942,
      "mwu_p_less": 0.49613825258381544,
      "fisher_OR_down": 1.0477845754542083,
      "fisher_p": 0.22820897240263566,
      "rank_among_programs": 35,
      "n_programs": 332,
      "pct_most_down": 89.45783132530121
    },
    "CEBPA": {
      "present": true,
      "n_guides": 1,
      "self_z": null,
      "n_targets_mapped": 4690,
      "n_targets_total": 9971,
      "mean_target_z": 0.0005466527072712779,
      "mwu_p_less": 0.5763403569506694,
      "fisher_OR_down": 1.04452728773615,
      "fisher_p": 0.20573874255034125,
      "rank_among_programs": 72,
      "n_programs": 332,
      "pct_most_down": 78.3132530120482
    },
    "E2F1": {
      "present": true,
      "n_guides": 1,
      "self_z": -0.4118499755859375,
      "n_targets_mapped": 2797,
      "n_targets_total": 5895,
      "mean_target_z": 0.009839941747486591,
      "mwu_p_less": 0.9922739189707723,
      "fisher_OR_down": 0.9679787808953518,
      "fisher_p": 0.7357391951813009,
      "rank_among_programs": 88,
      "n_programs": 332,
      "pct_most_down": 73.49397590361446
    },
    "SOX10": {
      "present": true,
      "n_guides": 1,
      "self_z": null,
      "n_targets_mapped": 119,
      "n_targets_total": 322,
      "mean_target_z": 0.018398122861981392,
      "mwu_p_less": 0.9125905421924015,
      "fisher_OR_down": 0.9661911788817839,
      "fisher_p": 0.5987802490337364,
      "rank_among_programs": 304,
      "n_programs": 332,
      "pct_most_down": 8.433734939759036
    },
    "CEBPB": {
      "present": true,
      "n_guides": 1,
      "self_z": -0.4273605942726135,
      "n_targets_mapped": 223,
      "n_targets_total": 589,
      "mean_target_z": 0.007055486086755991,
      "mwu_p_less": 0.8429127509113866,
      "fisher_OR_down": 0.8410504136903233,
      "fisher_p": 0.8730243524455277,
      "rank_among_programs": 239,
      "n_programs": 332,
      "pct_most_down": 28.012048192771083
    },
    "GATA2": {
      "present": true,
      "n_guides": 2,
      "self_z": -0.1901141256093979,
      "n_targets_mapped": 2419,
      "n_targets_total": 5370,
      "mean_target_z": 0.00436939625069499,
      "mwu_p_less": 0.1781579151341407,
      "fisher_OR_down": 1.0007801746350167,
      "fisher_p": 0.5048025636059656,
      "rank_among_programs": 139,
      "n_programs": 332,
      "pct_most_down": 58.13253012048193
    }
  }
}